Tab,Arrivo,Categoria,Cosa fare,Cosa prenotare,Costo stimato USD,Da vedere,Data,Data notte,Google Maps,Guida stimata,Indirizzo,Link,Link prenotazione,Link utile,Luogo,Nome,Nome alloggio,Nota,Note,Pagamento,Partenza,Per quando,Priorità,Priorità del giorno,Stato,Tema,Titolo giornata,Voce,Zona
giorni,San Francisco,,,,,"Golden Gate Bridge/viewpoint, Palace of Fine Arts, Marina District, Ghirardelli Square, Fisherman’s Wharf, Pier 39, Lombard Street se resta tempo",2026-07-04,,https://www.google.com/maps/search/Golden+Gate+Bridge+Palace+of+Fine+Arts+Ghirardelli+Square+Pier+39+Lombard+Street+San+Francisco,0h,,,,,,,,,"Tenere la giornata flessibile. Evitare Tenderloin, soprattutto la zona dietro Union Square. Cable car opzionale se la coda è gestibile.",,San Francisco,,,Golden Gate + Marina/Palace of Fine Arts + Fisherman’s Wharf/Pier 39,,,San Francisco - primo giro città,,
giorni,San Francisco,,,,,"Alcatraz, Ferry Building, Embarcadero, Chinatown, Coit Tower, Mission murals, Painted Ladies, Haight-Ashbury, Golden Gate Park/Twin Peaks come extra",2026-07-05,,https://www.google.com/maps/search/Alcatraz+Ferry+Building+Coit+Tower+Mission+District+Painted+Ladies+Haight+Ashbury+San+Francisco,0h,,,,,,,,,Alcatraz merita secondo la guida della collega. Non caricare tutto: scegliete 2 zone e lasciate il resto opzionale.,,San Francisco,,,Alcatraz se prenotata + Ferry Building/Embarcadero + Mission/Painted Ladies,,,San Francisco - Alcatraz + quartieri,,
giorni,Santa Barbara,,,,,"US-101, Monterey/Carmel solo se partenza presto, San Luis Obispo, Pismo Beach, Santa Barbara waterfront",2026-07-06,,"https://www.google.com/maps/dir/San+Francisco,+CA/Santa+Barbara,+CA",6h / 6h30 senza soste lunghe,,,,,,,,,Guidare con la luce: paesaggio bello e giornate lunghe. Big Sur/costa completa rischia di allungare troppo. Stanford esclusa: non imperdibile e toglierebbe tempo a SF.,,San Francisco,,,Trasferimento verso sud con 1-2 soste massimo,,,San Francisco → Santa Barbara,,
giorni,Los Angeles,,,,,"Santa Barbara Courthouse/Stearns Wharf, Beverly Hills/Rodeo Drive, Hollywood Walk of Fame quick stop, Griffith Observatory, Santa Monica/Venice se logistica ok",2026-07-07,,"https://www.google.com/maps/dir/Santa+Barbara,+CA/Beverly+Hills,+CA/Hollywood,+Los+Angeles,+CA/Griffith+Observatory,+Los+Angeles,+CA/Santa+Monica,+CA",2h / 3h + traffico LA,,,,,,,,,LA è compressa. Evitare Downtown se siete stanchi; evitare Skid Row. Usare BestParking per parcheggi. Venice/Santa Monica meglio prima del buio.,,Santa Barbara,,,Santa Barbara breve + LA classica senza correre troppo,,,Santa Barbara → Los Angeles,,
giorni,Las Vegas,,,,,"Las Vegas Sign, Bellagio fountains/Conservatory, Venetian, Wynn, Sphere da fuori, Fremont Street/Viva Vision",2026-07-08,,"https://www.google.com/maps/dir/Los+Angeles,+CA/Las+Vegas,+NV",4h30 / 5h30 + traffico,,,,,,,,,Percorso diretto verso Las Vegas: non inserire deviazioni lunghe. Scegliere massimo 3-4 cose in serata.,,Los Angeles,,,Arrivare a Las Vegas e fare serata Strip/Fremont,,,Los Angeles → Las Vegas,,
giorni,Grand Canyon South Rim / Tusayan,,,,,"Hoover Dam opzionale, Route 66/Hackberry/Seligman opzionali, Mather Point, Yavapai, Powell/Hopi/Mohave Point, Desert View Drive se tempo",2026-07-09,,"https://www.google.com/maps/dir/Las+Vegas,+NV/Grand+Canyon+Village,+AZ",4h30 / 5h senza soste lunghe,,,,,,,,,"Dormire il più vicino possibile al canyon, non troppo lontano tipo Flagstaff se possibile. Se c’è nebbia al mattino/pomeriggio, provare più viewpoint.",,Las Vegas,,,"South Rim + viewpoint sparsi, non un solo punto",,,Las Vegas → Grand Canyon South Rim,,
giorni,Page,,,,,"Desert View Watchtower, Horseshoe Bend, Lower/Upper Antelope Canyon, Lake Powell/Glen Canyon Dam viewpoint se avanza tempo",2026-07-10,,"https://www.google.com/maps/dir/Grand+Canyon+Village,+AZ/Page,+AZ/Horseshoe+Bend,+Page,+AZ/Antelope+Canyon,+AZ",2h30 / 3h via Desert View,,,,,,,,,"Horseshoe Bend è must secondo la guida, ma breve. Antelope va prenotato e bisogna arrivare prima dell’orario tour. Evitare deviazioni extra dopo Antelope.",,Grand Canyon South Rim,,,Desert View Drive + Horseshoe Bend + Antelope Canyon prenotato,,,Grand Canyon → Page / Antelope Canyon,,
giorni,Zion / Springdale / Hurricane,,,,,"Kanab breve stop opzionale, Zion-Mt. Carmel Highway, Canyon Overlook Trail, Zion shuttle, Temple of Sinawava, Riverside Walk, Zion Canyon Brew Pub",2026-07-11,,"https://www.google.com/maps/dir/Page,+AZ/Zion+National+Park,+UT/Springdale,+UT",2h15 / 3h + visita Zion,,,,,,,,,Canyon Overlook è la mini-hike da fare assolutamente secondo la guida. Zion può essere affollato: parcheggiare e usare shuttle. Kanab solo come stop breve.,,Page,,,Canyon Overlook + shuttle Zion Canyon se riuscite,,,Page → Zion,,
giorni,Salt Lake City,,,,,"Ultimo viewpoint a Zion se dormite vicini, Cedar City/St. George solo come stop logistici, arrivo a Salt Lake City",2026-07-12,,"https://www.google.com/maps/dir/Zion+National+Park,+UT/Salt+Lake+City,+UT",4h30 / 5h,,,,,,,,,Niente deviazioni lunghe: la priorità è arrivare a SLC.,,Zion / Springdale / Hurricane,,,Trasferimento finale verso SLC,,,Zion → Salt Lake City,,
cose_da_fare,,Vista,Golden Gate Bridge / viewpoint,,0,,2026-07-04,,,,,,,https://www.goldengate.org/bridge/visiting-the-bridge/,San Francisco,,,,Viewpoint o tramonto se meteo ok. Possibile anche lato opposto ponte se avete auto.,,,,Alta,,,,,,
cose_da_fare,,Vista,Palace of Fine Arts + Marina District,,0,,2026-07-04,,,,,,,https://sfrecpark.org/Facilities/Facility/Details/Palace-of-Fine-Arts-69,San Francisco,,,,Comodo nello stesso cluster del Golden Gate.,,,,Alta,,,,,,
cose_da_fare,,Passeggiata,Ghirardelli Square + Fisherman’s Wharf + Pier 39,,0,,2026-07-04,,,,,,,https://www.pier39.com/,San Francisco,,,,Cluster turistico ma comodo; fare senza dedicarci mezza giornata.,,,,Alta,,,,,,
cose_da_fare,,Vista,Lombard Street,,0,,2026-07-04,,,,,,,https://www.sftravel.com/things-to-do/attractions/iconic-sf/lombard-street,San Francisco,,,,"Da fare se passa lungo il percorso, non come priorità assoluta.",,,,Media,,,,,,
cose_da_fare,,Esperienza,Cable car,,8 a corsa circa,,2026-07-04,,,,,,,https://www.sfmta.com/getting-around/muni/cable-cars,San Francisco,,,,Coda variabile. Utile se volete fare esperienza classica senza usare troppo l’auto.,,,,Media,,,,,,
cose_da_fare,,Biglietto,Alcatraz Day Tour,,47.95 a persona circa,,2026-07-05,,,,,,,https://www.cityexperiences.com/san-francisco/city-cruises/alcatraz/tour-options/,San Francisco,,,,Prenotare prima; nella guida è indicato come esperienza che merita.,,,,Alta,,,,,,
cose_da_fare,,Passeggiata,Ferry Building + Embarcadero,,0,,2026-07-05,,,,,,,https://www.ferrybuildingmarketplace.com/,San Francisco,,,,Comodo prima/dopo zona Pier/Alcatraz.,,,,Alta,,,,,,
cose_da_fare,,Quartiere,Chinatown + North Beach,,0,,2026-07-05,,,,,,,https://www.sftravel.com/things-to-do/attractions/neighborhoods/chinatown,San Francisco,,,,Da collegare con Coit Tower/Ferry Building se logisticamente comodo.,,,,Media,,,,,,
cose_da_fare,,Vista,Coit Tower,,10-15 circa,,2026-07-05,,,,,,,https://sfrecpark.org/Facilities/Facility/Details/Coit-Tower-290,San Francisco,,,,Vista bella; salire solo se avete tempo e meteo pulito.,,,,Media,,,,,,
cose_da_fare,,Quartiere,Mission murals: Women’s Building + Clarion Alley,,0,,2026-07-05,,,,,,,https://clarionalleymuralproject.org/,San Francisco,,,,Street art; meglio di giorno.,,,,Media,,,,,,
cose_da_fare,,Vista,Painted Ladies / Alamo Square,,0,,2026-07-05,,,,,,,https://sfrecpark.org/Facilities/Facility/Details/Alamo-Square-151,San Francisco,,,,"Stop rapido, buono se passate da Mission/Haight.",,,,Media,,,,,,
cose_da_fare,,Quartiere/parco,Haight-Ashbury + Golden Gate Park,,0,,2026-07-05,,,,,,,https://sfrecpark.org/770/Golden-Gate-Park,San Francisco,,,,Scegliere solo una parte del parco: è grande.,,,,Media,,,,,,
cose_da_fare,,Museo/vista,De Young Museum / Hamon Observation Tower,,20-25 circa,,2026-07-05,,,,,,,https://www.famsf.org/visit/de-young,San Francisco,,,,La guida segnala che il ticket può includere anche Legion of Honor lo stesso giorno. Controllare prezzi/aperture.,,,,Bassa,,,,,,
cose_da_fare,,Museo,SFMOMA,,30 circa,,2026-07-05,,,,,,,https://www.sfmoma.org/visit/,San Francisco,,,,Opzionale solo se meteo brutto o interesse musei.,,,,Bassa,,,,,,
cose_da_fare,,Vista,Twin Peaks,,0,,2026-07-05,,,,,,,https://sfrecpark.org/Facilities/Facility/Details/Twin-Peaks-384,San Francisco,,,,Extra se c’è visibilità e avete auto.,,,,Bassa,,,,,,
cose_da_fare,,Trasferimento,Guidare con luce + massimo 1-2 soste,,benzina/parcheggi,,2026-07-06,,,,,,,"https://www.google.com/maps/dir/San+Francisco,+CA/Santa+Barbara,+CA",San Francisco → Santa Barbara,,,,"Consiglio guida: paesaggio bello, meglio evitare di arrivare troppo tardi.",,,,Alta,,,,,,
cose_da_fare,,Sosta opzionale,Sosta Monterey/Carmel,,0+,,2026-07-06,,,,,,,https://www.google.com/maps/search/Monterey+Carmel+California,Monterey / Carmel,,,,Solo se partenza presto; altrimenti tirate verso Santa Barbara.,,,,Bassa,,,,,,
cose_da_fare,,Sosta opzionale,Sosta San Luis Obispo o Pismo Beach,,0+,,2026-07-06,,,,,,,https://www.google.com/maps/search/San+Luis+Obispo+Pismo+Beach,San Luis Obispo / Pismo Beach,,,,Più compatibile con US-101 rispetto alla costa lenta.,,,,Media,,,,,,
cose_da_fare,,Passeggiata,Waterfront / Stearns Wharf,,0,,2026-07-06,,,,,,,https://stearnswharf.org/,Santa Barbara,,,,Da fare la sera se arrivate non troppo tardi.,,,,Media,,,,,,
cose_da_fare,,Vista,Santa Barbara Courthouse / Stearns Wharf breve,,0,,2026-07-07,,,,,,,https://santabarbaraca.gov/government/departments/parks-recreation/parks/parks-recreation-facilities/courthouse-gardens,Santa Barbara,,,,Fare breve prima di scendere verso LA.,,,,Media,,,,,,
cose_da_fare,,Biglietto,Warner Bros Studio Tour,,70-80 circa,,2026-07-07,,,,,,,https://www.wbstudiotour.com/,Los Angeles,,,,La guida lo consiglia molto: set veri/ricostruiti e dietro le quinte. Inserirlo solo se accettate di sacrificare altro a LA.,,,,Media,,,,,,
cose_da_fare,,Passeggiata,Beverly Hills + Rodeo Drive + Beverly Gardens Park,,0+,,2026-07-07,,,,,,,https://lovebeverlyhills.com/things-to-do/view/beverly-gardens-park,Los Angeles,,,,Stop classico e compatibile con il giro verso Hollywood/Griffith.,,,,Alta,,,,,,
cose_da_fare,,Stop rapido,Hollywood Walk of Fame,,0+,,2026-07-07,,,,,,,https://www.walkoffame.com/,Los Angeles,,,,La guida dice quick stop: non perderci troppo tempo.,,,,Media,,,,,,
cose_da_fare,,Vista,Griffith Observatory + vista Hollywood sign,,0+,,2026-07-07,,,,,,,https://griffithobservatory.org/,Los Angeles,,,,Molto consigliato dalla guida. Parcheggio difficile vicino al tramonto; controllare chiusure/aperture.,,,,Alta,,,,,,
cose_da_fare,,Passeggiata,Santa Monica Pier + Venice Beach,,0+ parcheggio,,2026-07-07,,,,,,,https://www.santamonica.com/places-to-go/santa-monica-pier/,Los Angeles,,,,Parcheggio spesso circa 20$/giorno; la guida consiglia di evitare dopo il tramonto.,,,,Alta,,,,,,
cose_da_fare,,Quartiere,Venice Canals + Venice Sign + Abbot Kinney,,0+ parcheggio,,2026-07-07,,,,,,,https://www.visitcalifornia.com/experience/venice-canals/,Los Angeles,,,,"Da fare con Santa Monica/Venice, meglio spostare l’auto se necessario.",,,,Media,,,,,,
cose_da_fare,,Quartiere,"Downtown LA mini-giro: Union Station, Olvera Street, City Hall, Grand Central Market, Bradbury",,0+,,2026-07-07,,,,,,,https://www.discoverlosangeles.com/things-to-do/los-angeles-union-station,Los Angeles,,,,Solo se avete energie. Evitare Skid Row. City Hall/edifici: controllare aperture.,,,,Bassa,,,,,,
cose_da_fare,,Extra serale,The Grove + LACMA Urban Light,,0+ parcheggio,,2026-07-07,,,,,,,https://www.lacma.org/urban-light,Los Angeles,,,,"Opzionale; Urban Light meglio la sera, ma non caricare troppo la giornata.",,,,Bassa,,,,,,
cose_da_fare,,Tool,BestParking per parcheggi LA,,variabile,,2026-07-07,,,,,,,https://www.bestparking.com/,Los Angeles,,,,"Utile per Santa Monica/Venice, Hollywood, Downtown.",,,,Alta,,,,,,
cose_da_fare,,Foto,Las Vegas Sign,,0,,2026-07-08,,,,,,,https://www.lasvegasnevada.gov/Residents/Parking-Transportation/Welcome-to-Las-Vegas-Sign,Las Vegas,,,,"Stop rapido entrando o uscendo, se comodo.",,,,Media,,,,,,
cose_da_fare,,Gratis,Bellagio fountains + Conservatory,,0,,2026-07-08,,,,,,,https://bellagio.mgmresorts.com/en/entertainment/fountains-of-bellagio.html,Las Vegas,,,,Classico; fontane e giardino interno gratis.,,,,Alta,,,,,,
cose_da_fare,,Gratis,Venetian Resort / canali interni,,0+,,2026-07-08,,,,,,,https://www.venetianlasvegas.com/,Las Vegas,,,,La guida lo consiglia perché architettonicamente scenico.,,,,Alta,,,,,,
cose_da_fare,,Gratis,Wynn / Lake of Dreams,,0+,,2026-07-08,,,,,,,https://www.wynnlasvegas.com/entertainment/lake-of-dreams,Las Vegas,,,,Show serale gratuito/da verificare; opzionale se siete sulla Strip.,,,,Media,,,,,,
cose_da_fare,,Vista/biglietto,Sphere da fuori o evento,,0 da fuori / ticket variabile,,2026-07-08,,,,,,,https://www.thesphere.com/shows,Las Vegas,,,,Da fuori gratis. Dentro solo con ticket evento/film.,,,,Alta,,,,,,
cose_da_fare,,Gratis,Fremont Street + Viva Vision,,0+,,2026-07-08,,,,,,,https://vegasexperience.com/,Las Vegas,,,,La guida dice diversa dalla Strip e pedonale. Viva Vision ogni sera.,,,,Alta,,,,,,
cose_da_fare,,Gratis,Downtown Container Park,,0+,,2026-07-08,,,,,,,https://downtowncontainerpark.com/,Las Vegas,,,,Opzionale se fate Fremont.,,,,Bassa,,,,,,
cose_da_fare,,Biglietto,The Neon Museum,,20-30 circa,,2026-07-08,,,,,,,https://www.neonmuseum.org/,Las Vegas,,,,Interessante ma da prenotare/valutare solo se avete tempo.,,,,Bassa,,,,,,
cose_da_fare,,Extra,Pawn Stars Gold & Silver Pawn Shop,,0+,,2026-07-08,,,,,,,https://gspawn.com/,Las Vegas,,,,Solo se siete fan; nella guida era stato fatto per interesse personale.,,,,Bassa,,,,,,
cose_da_fare,,Arte,Akhob by James Turrell,,0 ma prenotazione obbligatoria,,2026-07-08,,,,,,,https://www.louisvuitton.com/eng-us/stories/akhob,Las Vegas,,,,Opzionale; gratuito ma prenotazione spesso necessaria.,,,,Bassa,,,,,,
cose_da_fare,,Sosta opzionale,Hoover Dam stop,,parcheggio/tour variabile,,2026-07-09,,,,,,,https://www.usbr.gov/lc/hooverdam/,Las Vegas → Grand Canyon,,,,Compatibile con il trasferimento se partite presto.,,,,Media,,,,,,
cose_da_fare,,Sosta opzionale,Hackberry General Store / Seligman,,0+,,2026-07-09,,,,,,,https://www.google.com/maps/search/Hackberry+General+Store+Seligman+Route+66,Route 66,,,,La guida segnala che Seligman/Hackberry sono stop tipici Route 66; non esagerare con le soste.,,,,Media,,,,,,
cose_da_fare,,Sosta opzionale,Oatman ghost town,,0+,,2026-07-09,,,,,,,https://www.google.com/maps/search/Oatman+Arizona,Route 66 / Oatman,,,,"Leggero detour: inserirla solo se partite molto presto. Panorama bello secondo guida, città non imperdibile.",,,,Bassa,,,,,,
cose_da_fare,,Viewpoint,Mather Point / Yavapai Point,,coperto dal pass,,2026-07-09,,,,,,,https://www.nps.gov/grca/planyourvisit/south-rim.htm,Grand Canyon South Rim,,,,Punti comodi vicino Visitor Center.,,,,Alta,,,,,,
cose_da_fare,,Passeggiata/viewpoint,Powell Point → Hopi Point → Mohave Point,,coperto dal pass,,2026-07-09,,,,,,,https://www.nps.gov/grca/planyourvisit/shuttle-buses.htm,Grand Canyon South Rim,,,,La guida lo consiglia; controllare shuttle perché andata/ritorno non fermano sempre uguale.,,,,Alta,,,,,,
cose_da_fare,,Viewpoint,Desert View Drive / Desert View Watchtower,,coperto dal pass,,2026-07-09,,,,,,,https://www.nps.gov/grca/planyourvisit/desert-view.htm,Grand Canyon South Rim,,,,Da fare anche il giorno dopo uscendo verso Page.,,,,Alta,,,,,,
cose_da_fare,,Trasferimento panoramico,Uscita da Desert View Drive verso Page,,0,,2026-07-10,,,,,,,"https://www.google.com/maps/dir/Grand+Canyon+Village,+AZ/Page,+AZ",Grand Canyon → Page,,,,"Non fissarsi su un solo viewpoint: se meteo/nebbia cambia, provarne più di uno.",,,,Alta,,,,,,
cose_da_fare,,Vista,Horseshoe Bend,,10 auto circa,,2026-07-10,,,,,,,https://cityofpage.org/official-horseshoe-bend-information,Page,,,,Must secondo guida; breve ma molto bello. Camminata dal parcheggio.,,,,Alta,,,,,,
cose_da_fare,,Biglietto,Lower Antelope Canyon,,80-100+ a persona circa,,2026-07-10,,,,,,,https://www.antelopelowercanyon.com/,Page,,,,La guida ha fatto Lower e lo definisce stupendo. Prenotare slot e arrivare prima.,,,,Alta,,,,,,
cose_da_fare,,Biglietto,Upper Antelope Canyon,,100-120+ a persona circa,,2026-07-10,,,,,,,https://navajotours.com/,Page,,,,Alternativa più famosa/cara. Valutare in base a slot/prezzo.,,,,Media,,,,,,
cose_da_fare,,Vista,Glen Canyon Dam / Lake Powell viewpoint,,0+,,2026-07-10,,,,,,,https://www.nps.gov/glca/planyourvisit/placestogo.htm,Page,,,,Extra breve se avete tempo prima/dopo Antelope.,,,,Bassa,,,,,,
cose_da_fare,,Sosta opzionale,Kanab breve stop / pranzo,,0+,,2026-07-11,,,,,,,https://www.google.com/maps/search/Kanab+Utah+restaurants,Kanab,,,,Kanab è sulla direttrice verso Zion; non caricarlo troppo.,,,,Bassa,,,,,,
cose_da_fare,,Sosta opzionale,Little Hollywood Kanab,,0+,,2026-07-11,,,,,,,https://www.littlehollywoodmuseum.org/,Kanab,,,,Solo se vi serve pausa; western set gratuito/rapido.,,,,Bassa,,,,,,
cose_da_fare,,Mini-deviazione,Sand Caves Kanab / Dinosaur Tracks,,0,,2026-07-11,,,,,,,https://www.google.com/maps/search/Sand+Caves+Kanab+Dinosaur+Tracks,Kanab,,,,"Fattibile ma rischia di togliere tempo a Zion; scarpe adatte, evitare caldo forte.",,,,Bassa,,,,,,
cose_da_fare,,Strada panoramica,Zion-Mt. Carmel Highway,,coperto dal pass,,2026-07-11,,,,,,,https://www.nps.gov/zion/planyourvisit/the-zion-mount-carmel-tunnel.htm,Zion,,,,Arrivando da Page/Kanab è la strada scenica naturale.,,,,Alta,,,,,,
cose_da_fare,,Mini-hike,Canyon Overlook Trail,,coperto dal pass,,2026-07-11,,,,,,,https://www.nps.gov/thingstodo/hike-canyon-overlook.htm,Zion,,,,Da fare assolutamente secondo guida; breve ma attenzione caldo/parcheggio.,,,,Alta,,,,,,
cose_da_fare,,Parco/shuttle,Shuttle Zion Canyon fino a Temple of Sinawava,,coperto dal pass,,2026-07-11,,,,,,,https://www.nps.gov/zion/planyourvisit/zion-canyon-shuttle-system.htm,Zion,,,,Dopo Canyon Overlook bisogna parcheggiare e usare shuttle per lo Zion Canyon.,,,,Alta,,,,,,
cose_da_fare,,Passeggiata,Riverside Walk,,coperto dal pass,,2026-07-11,,,,,,,https://www.nps.gov/thingstodo/hike-riverside-walk.htm,Zion,,,,"Facile e scenico; dopo inizia The Narrows, da fare solo se preparati.",,,,Alta,,,,,,
cose_da_fare,,Food,Zion Canyon Brew Pub,,variabile,,2026-07-11,,,,,,,https://www.zionbrewery.com/,Springdale/Zion,,,,Food/beverage consigliato nella guida come stop vicino Zion.,,,,Media,,,,,,
cose_da_fare,,Food,The Cave Café,,variabile,,2026-07-11,,,,,,,https://www.google.com/maps/search/The+Cave+Cafe+Zion,Springdale/Zion,,,,"Opzione colazione/chai se comodo, controllare apertura.",,,,Bassa,,,,,,
cose_da_fare,,Trasferimento,Partenza verso Salt Lake City senza deviazioni lunghe,,benzina,,2026-07-12,,,,,,,"https://www.google.com/maps/dir/Zion+National+Park,+UT/Salt+Lake+City,+UT",Zion → Salt Lake City,,,,Niente deviazioni lunghe: arrivo a SLC come priorità.,,,,Alta,,,,,,
alloggi,,,,,,,,2026-07-04,,,Da inserire,,,,,,Da inserire,,Notte 4→5 luglio.,,,,,,,,,,San Francisco
alloggi,,,,,,,,2026-07-05,,,Da inserire,,,,,,Da inserire,,Notte 5→6 luglio.,,,,,,,,,,San Francisco
alloggi,,,,,,,,2026-07-06,,,Da inserire,,,,,,Da inserire,,Notte 6→7 luglio.,,,,,,,,,,Santa Barbara
alloggi,,,,,,,,2026-07-07,,,Da inserire,,,,,,Da inserire,,Notte 7→8 luglio.,,,,,,,,,,Los Angeles
alloggi,,,,,,,,2026-07-08,,,Da inserire,,,,,,Da inserire,,Notte 8→9 luglio.,,,,,,,,,,Las Vegas
alloggi,,,,,,,,2026-07-09,,,Da inserire,,,,,,Da inserire,,Meglio vicino al canyon; evitare Flagstaff se possibile perché allunga la sveglia.,,,,,,,,,,Grand Canyon South Rim / Tusayan
alloggi,,,,,,,,2026-07-10,,,Da inserire,,,,,,Da inserire,,Base corretta per Horseshoe Bend e Antelope Canyon.,,,,,,,,,,Page
alloggi,,,,,,,,2026-07-11,,,Da inserire,,,,,,Da inserire,,Springdale più comoda; Hurricane/La Verkin più economiche.,,,,,,,,,,Springdale / Hurricane / La Verkin
costi,,Parchi,,,250 gruppo,,,,,,,,,https://www.nps.gov/planyourvisit/passes.htm,,,,,Per 3 italiani conviene rispetto a pagare Grand Canyon + Zion separati.,Una volta sola,,,,,,,,America the Beautiful Non-Resident Annual Pass,
costi,,Parchi,,,Coperto dal pass,,,,,,,,,https://www.nps.gov/grca/planyourvisit/fees.htm,,,,,"Se non avete pass, controllare fee/surcharge non residenti.",Pass,,,,,,,,Grand Canyon South Rim,
costi,,Parchi,,,Coperto dal pass,,,,,,,,,https://www.nps.gov/zion/planyourvisit/fees.htm,,,,,Shuttle incluso/gestione parco secondo stagione.,Pass,,,,,,,,Zion National Park,
costi,,Page,,,10 auto circa,,,,,,,,,https://cityofpage.org/official-horseshoe-bend-information,,,,,Non coperto dal pass NPS.,Carta/contanti secondo regole locali,,,,,,,,Horseshoe Bend parking,
costi,,Page,,,80-120+ a persona,,,,,,,,,https://navajonationparks.org/guided-tour-operators/antelope-canyon-tour-operators/,,,,,"Tour guidato obbligatorio, prenotare prima.",Online,,,,,,,,Lower/Upper Antelope Canyon,
costi,,San Francisco,,,47.95 a persona circa,,,,,,,,,https://www.cityexperiences.com/san-francisco/city-cruises/alcatraz/tour-options/,,,,,Prenotare presto.,Online,,,,,,,,Alcatraz Day Tour,
costi,,Los Angeles,,,70-80 circa,,,,,,,,,https://www.wbstudiotour.com/,,,,,Opzionale ma consigliato dalla guida.,Online,,,,,,,,Warner Bros Studio Tour,
costi,,Los Angeles,,,20+ al giorno possibile,,,,,,,,,https://www.bestparking.com/,,,,,Da usare per Santa Monica/Venice/Hollywood/Downtown.,Carta/app,,,,,,,,Parcheggi LA,
costi,,Las Vegas,,,0 fuori / ticket variabile,,,,,,,,,https://www.thesphere.com/shows,,,,,Da fuori gratis; evento/film a pagamento.,Online,,,,,,,,Sphere,
costi,,Las Vegas,,,20-30 circa,,,,,,,,,https://www.neonmuseum.org/,,,,,Opzionale.,Online,,,,,,,,Neon Museum,
costi,,Trasporti,,,Da calcolare,,,,,,,,,https://www.gasbuddy.com/,,,,,Stimare dopo scelta auto.,Carta,,,,,,,,Benzina roadtrip,
costi,,Varie,,,Buffer,,,,,,,,,,,,,,"Tenere buffer per caldo, acqua, parcheggi e snack.",Carta/cash,,,,,,,,Mance / parcheggi / acqua,
auto_documenti,,Auto,,,,,,,,,,,,,,,,,"Pickup San Francisco, drop-off Salt Lake City. Verificare one-way fee e guidatori aggiuntivi.",,,,,,Da definire,,,Noleggio auto,
auto_documenti,,Auto,,,,,,,,,,,,,,,,,Controllare cosa copre carta/assicurazione e cosa serve in USA.,,,,,,Da verificare,,,Assicurazione CDW/LDW,
auto_documenti,,Auto,,,,,,,,,,,,,,,,,Inserire tutti i guidatori al banco se guideranno davvero.,,,,,,Da definire,,,Guidatori autorizzati,
auto_documenti,,Documenti,,,,,,,,,,,,https://www.aci.it/i-servizi/guide-utili/guida-allestero/patente-internazionale.html,,,,,Verificare se fare anche patente internazionale; utile con alcune compagnie/stati.,,,,,,Da portare,,,Patente italiana,
auto_documenti,,Documenti,,,,,,,,,,,,,,,,,Controllare scadenza e dati prenotazioni.,,,,,,Da portare,,,Passaporto,
auto_documenti,,Documenti,,,,,,,,,,,,https://esta.cbp.dhs.gov/,,,,,Stampare/salvare conferma approvazione.,,,,,,Da confermare,,,ESTA,
auto_documenti,,Pagamenti,,,,,,,,,,,,,,,,,Molti autonoleggi richiedono carta fisica intestata al guidatore principale.,,,,,,Da verificare,,,Carta credito/debito per deposito,
auto_documenti,,Viaggio,,,,,,,,,,,,,,,,,A luglio portare tanta acqua; evitare camminate lunghe nelle ore più calde.,,,,,,Da fare,,,Acqua e caldo parchi,
auto_documenti,,Viaggio,,,,,,,,,,,,,,,,,"Consiglio guida: paesaggi belli, meglio guidare con luce quando possibile.",,,,,,Promemoria,,,Guidare con luce,
prenotazioni,,,,Alcatraz Day Tour,47.95 a persona circa,,,,,,,,,https://www.cityexperiences.com/san-francisco/city-cruises/alcatraz/tour-options/,,,,,In estate meglio prenotare prima.,,,2026-07-05,Alta se volete farlo,,Da decidere,,,,
prenotazioni,,,,Alloggio San Francisco,,,,,,,,,,,,,,,Due notti.,,,2026-07-04 / 2026-07-05,Alta,,Da fare,,,,
prenotazioni,,,,Alloggio Santa Barbara,,,,,,,,,,,,,,,Una notte.,,,2026-07-06,Alta,,Da fare,,,,
prenotazioni,,,,Alloggio Los Angeles,,,,,,,,,,,,,,,Scegliere zona comoda per partenza verso Las Vegas.,,,2026-07-07,Alta,,Da fare,,,,
prenotazioni,,,,Alloggio Las Vegas,,,,,,,,,,,,,,,Valutare parcheggio/resort fee.,,,2026-07-08,Alta,,Da fare,,,,
prenotazioni,,,,Alloggio Grand Canyon/Tusayan,,,,,,,,,,,,,,,Guida consiglia di dormire più vicino possibile al canyon.,,,2026-07-09,Molto alta,,Da fare,,,,
prenotazioni,,,,Antelope Canyon tour,80-120+ a persona circa,,,,,,,,,https://navajonationparks.org/guided-tour-operators/antelope-canyon-tour-operators/,,,,,Prenotare slot e arrivare in anticipo.,,,2026-07-10,Molto alta,,Da fare,,,,
prenotazioni,,,,Alloggio Page,,,,,,,,,,,,,,,Base per Antelope/Horseshoe Bend.,,,2026-07-10,Alta,,Da fare,,,,
prenotazioni,,,,Alloggio Zion/Springdale/Hurricane,,,,,,,,,,,,,,,"Springdale più comoda, Hurricane/La Verkin più economiche.",,,2026-07-11,Alta,,Da fare,,,,
prenotazioni,,,,Sphere / show Las Vegas,variabile,,,,,,,,,https://www.thesphere.com/shows,,,,,Da fuori gratis; dentro solo con biglietto.,,,2026-07-08,Media,,Opzionale,,,,
prenotazioni,,,,Warner Bros Studio Tour,70-80 circa,,,,,,,,,https://www.wbstudiotour.com/,,,,,Solo se volete sacrificare parte del giro LA.,,,2026-07-07,Media,,Opzionale,,,,
prenotazioni,,,,Akhob James Turrell,0 ma booking obbligatorio,,,,,,,,,https://www.louisvuitton.com/eng-us/stories/akhob,,,,,Se vi interessa arte e trovate slot.,,,2026-07-08,Bassa,,Opzionale,,,,
link_utili,,Planner,,,,,,,,,,"https://www.google.com/maps/dir/San+Francisco,+CA/Santa+Barbara,+CA/Los+Angeles,+CA/Las+Vegas,+NV/Grand+Canyon+Village,+AZ/Page,+AZ/Zion+National+Park,+UT/Salt+Lake+City,+UT",,,,Google Maps route completa,,,Route base del viaggio.,,,,,,,,,,
link_utili,,Parcheggi,,,,,,,,,,https://www.bestparking.com/,,,,BestParking,,,Utile soprattutto a Los Angeles.,,,,,,,,,,
link_utili,,San Francisco,,,,,,,,,,https://www.cityexperiences.com/san-francisco/city-cruises/alcatraz/tour-options/,,,,Alcatraz City Cruises,,,Biglietti ufficiali Alcatraz.,,,,,,,,,,
link_utili,,San Francisco,,,,,,,,,,https://www.sfmoma.org/visit/,,,,SFMOMA,,,Museo opzionale.,,,,,,,,,,
link_utili,,San Francisco,,,,,,,,,,https://www.famsf.org/visit/de-young,,,,De Young Museum,,,Museo/torre osservazione opzionale.,,,,,,,,,,
link_utili,,San Francisco,,,,,,,,,,https://sfrecpark.org/770/Golden-Gate-Park,,,,Golden Gate Park,,,Parco grande: scegliere solo una zona.,,,,,,,,,,
link_utili,,Los Angeles,,,,,,,,,,https://www.wbstudiotour.com/,,,,Warner Bros Studio Tour,,,Tour consigliato dalla guida se interessati a cinema/backstage.,,,,,,,,,,
link_utili,,Los Angeles,,,,,,,,,,https://griffithobservatory.org/,,,,Griffith Observatory,,,"Vista, museo, Hollywood sign da lontano.",,,,,,,,,,
link_utili,,Los Angeles,,,,,,,,,,https://www.santamonica.com/places-to-go/santa-monica-pier/,,,,Santa Monica Pier,,,Santa Monica/Venice cluster.,,,,,,,,,,
link_utili,,Las Vegas,,,,,,,,,,https://www.thesphere.com/shows,,,,Sphere,,,Show e biglietti Sphere.,,,,,,,,,,
link_utili,,Las Vegas,,,,,,,,,,https://vegasexperience.com/,,,,Fremont Street Experience,,,Viva Vision e Fremont.,,,,,,,,,,
link_utili,,Las Vegas,,,,,,,,,,https://bellagio.mgmresorts.com/en/entertainment/fountains-of-bellagio.html,,,,Bellagio Fountains,,,Show gratuito fontane.,,,,,,,,,,
link_utili,,Las Vegas,,,,,,,,,,https://www.neonmuseum.org/,,,,The Neon Museum,,,Opzionale Las Vegas.,,,,,,,,,,
link_utili,,Parchi,,,,,,,,,,https://www.nps.gov/planyourvisit/passes.htm,,,,America the Beautiful Pass,,,Pass parchi USA.,,,,,,,,,,
link_utili,,Parchi,,,,,,,,,,https://www.nps.gov/grca/planyourvisit/south-rim.htm,,,,Grand Canyon South Rim,,,Info ufficiali South Rim.,,,,,,,,,,
link_utili,,Parchi,,,,,,,,,,https://www.nps.gov/grca/planyourvisit/shuttle-buses.htm,,,,Grand Canyon shuttle,,,Info shuttle viewpoint.,,,,,,,,,,
link_utili,,Page,,,,,,,,,,https://cityofpage.org/official-horseshoe-bend-information,,,,Horseshoe Bend,,,Info parcheggio e visita.,,,,,,,,,,
link_utili,,Page,,,,,,,,,,https://navajonationparks.org/guided-tour-operators/antelope-canyon-tour-operators/,,,,Navajo Antelope operators,,,Elenco operatori autorizzati.,,,,,,,,,,
link_utili,,Page,,,,,,,,,,https://www.antelopelowercanyon.com/,,,,Lower Antelope Canyon,,,Una delle opzioni pratiche.,,,,,,,,,,
link_utili,,Page,,,,,,,,,,https://navajotours.com/,,,,Upper Antelope Navajo Tours,,,Una delle opzioni pratiche.,,,,,,,,,,
link_utili,,Zion,,,,,,,,,,https://www.nps.gov/zion/index.htm,,,,Zion official,,,Info parco.,,,,,,,,,,
link_utili,,Zion,,,,,,,,,,https://www.nps.gov/zion/planyourvisit/zion-canyon-shuttle-system.htm,,,,Zion shuttle,,,Info shuttle.,,,,,,,,,,
link_utili,,Zion,,,,,,,,,,https://www.nps.gov/thingstodo/hike-canyon-overlook.htm,,,,Canyon Overlook Trail,,,Mini-hike consigliata.,,,,,,,,,,
link_utili,,Zion,,,,,,,,,,https://www.nps.gov/thingstodo/hike-riverside-walk.htm,,,,Riverside Walk,,,Passeggiata facile.,,,,,,,,,,
link_utili,,Auto,,,,,,,,,,https://www.aci.it/i-servizi/guide-utili/guida-allestero/patente-internazionale.html,,,,Patente internazionale ACI,,,Verifica patente internazionale.,,,,,,,,,,
note,,,,,,,,,,,,,,,,,,"Importati solo elementi compatibili con San Francisco, Santa Barbara, Los Angeles, Las Vegas, Grand Canyon, Page/Antelope, Zion e trasferimento a SLC.",,,,,,,,Filtro guida collega,,,
note,,,,,,,,,,,,,,,,,,Sono state escluse le deviazioni troppo lunghe o non coerenti con il giro 4–12 luglio.,,,,,,,,Esclusioni deliberate,,,
note,,,,,,,,,,,,,,,,,,Evitare Tenderloin/dietro Union Square. Alcatraz merita se prenotata. Cable car opzionale.,,,,,,,,San Francisco,,,
note,,,,,,,,,,,,,,https://www.bestparking.com/,,,,Santa Monica/Venice meglio prima del buio; parcheggi anche 20$ al giorno. Downtown solo se avete energie e senza passare da Skid Row.,,,,,,,,Los Angeles,,,
note,,,,,,,,,,,,,,https://www.nps.gov/grca/planyourvisit/south-rim.htm,,,,"Non puntare tutto su un solo viewpoint: se c’è nebbia/visibilità variabile, provare più punti. Dormire vicino al canyon.",,,,,,,,Grand Canyon,,,
note,,,,,,,,,,,,,,https://navajonationparks.org/guided-tour-operators/antelope-canyon-tour-operators/,,,,Horseshoe Bend breve ma must. Antelope va prenotato; arrivare prima dell’orario.,,,,,,,,Page / Antelope,,,
note,,,,,,,,,,,,,,https://www.nps.gov/zion/planyourvisit/zion-canyon-shuttle-system.htm,,,,Canyon Overlook è la mini-hike prioritaria. Per Zion Canyon usare shuttle; Riverside Walk è la passeggiata facile consigliata.,,,,,,,,Zion,,,
note,,,,,,,,,,,,,,,,,,Non provare a vedere tutto: scegliere Strip + Fremont + Sphere da fuori/Bellagio/Venetian. Dopo un po’ molti hotel sembrano simili.,,,,,,,,Las Vegas,,,
note,,,,,,,,,,,,,,,,,,"Il foglio è pensato per boomer: aggiungere righe semplici senza ID, senza orari, senza colonne tecniche.",,,,,,,,Operatività,,,
